[
 {
   "lot": "NC5",
   "campus": "North",
   "type": "Visitor",
   "enforcement_days": "Monday - Friday",
   "enforcement_time": "6 AM - 5 PM",
   "latitude": 42.287708,
   "longitude": -83.714706,
   "motorcycle_moped": 0,
   "accessible": 0,
   "gate_controlled": 0,
   "ev_charging_station": 0,
   "clearance": ""
 },
 {
   "lot": "NC8",
   "campus": "North",
   "type": "Blue",
   "enforcement_days": "Monday - Friday",
   "enforcement_time": "6 AM - 5 PM",
   "latitude": 42.28796,
   "longitude": -83.713806,
   "motorcycle_moped": 0,
   "accessible": 0,
   "gate_controlled": 0,
   "ev_charging_station": 0,
   "clearance": ""
 },
 {
   "lot": "NC9",
   "campus": "North",
   "type": "Yellow",
   "enforcement_days": "Monday - Friday",
   "enforcement_time": "6 AM - 5 PM",
   "latitude": 42.298389,
   "longitude": -83.702477,
   "motorcycle_moped": 1,
   "accessible": 1,
   "gate_controlled": 0,
   "ev_charging_station": 0,
   "clearance": ""
 },
 {
   "lot": "NC10",
   "campus": "North",
   "type": "Blue",
   "enforcement_days": "Monday - Friday",
   "enforcement_time": "6 AM - 5 PM",
   "latitude": 42.289326,
   "longitude": -83.721809,
   "motorcycle_moped": 1,
   "accessible": 1,
   "gate_controlled": 0,
   "ev_charging_station": 0,
   "clearance": ""
 },
 {
   "lot": "NC16",
   "campus": "North",
   "type": "Blue & Gold",
   "enforcement_days": "Monday - Friday",
   "enforcement_time": "6 AM - 5 PM",
   "latitude": 42.289692,
   "longitude": -83.71389,
   "motorcycle_moped": 1,
   "accessible": 1,
   "gate_controlled": 0,
   "ev_charging_station": 0,
   "clearance": ""
 },
 {
   "lot": "NC20",
   "campus": "North",
   "type": "Blue",
   "enforcement_days": "",
   "enforcement_time": "",
   "latitude": null,
   "longitude": null,
   "motorcycle_moped": 0,
   "accessible": 1,
   "gate_controlled": 0,
   "ev_charging_station": 0,
   "clearance": ""
 },
 {
   "lot": "NC21",
   "campus": "North",
   "type": "Blue",
   "enforcement_days": "Monday - Friday",
   "enforcement_time": "6 AM - 5 PM",
   "latitude": 42.293674,
   "longitude": -83.7164,
   "motorcycle_moped": 0,
   "accessible": 1,
   "gate_controlled": 0,
   "ev_charging_station": 0,
   "clearance": ""
 },
 {
   "lot": "NC22",
   "campus": "North",
   "type": "Blue",
   "enforcement_days": "Monday - Friday",
   "enforcement_time": "6 AM - 5 PM",
   "latitude": 42.293247,
   "longitude": -83.709839,
   "motorcycle_moped": 0,
   "accessible": 1,
   "gate_controlled": 0,
   "ev_charging_station": 0,
   "clearance": ""
 },
 {
   "lot": "NC24",
   "campus": "North",
   "type": "",
   "enforcement_days": "",
   "enforcement_time": "",
   "latitude": null,
   "longitude": null,
   "motorcycle_moped": 0,
   "accessible": 1,
   "gate_controlled": 0,
   "ev_charging_station": 0,
   "clearance": ""
 },
 {
   "lot": "NC26",
   "campus": "North",
   "type": "Visitor",
   "enforcement_days": "Monday - Friday",
   "enforcement_time": "6 AM - 5 PM",
   "latitude": 42.293961,
   "longitude": -83.708595,
   "motorcycle_moped": 0,
   "accessible": 0,
   "gate_controlled": 0,
   "ev_charging_station": 0,
   "clearance": ""
 },
 {
   "lot": "NC27",
   "campus": "North",
   "type": "Blue",
   "enforcement_days": "Sunday - Saturday",
   "enforcement_time": "6 AM - 8 PM",
   "latitude": 42.292389,
   "longitude": -83.716873,
   "motorcycle_moped": 1,
   "accessible": 1,
   "gate_controlled": 0,
   "ev_charging_station": 1,
   "clearance": ""
 },
 {
   "lot": "NC28",
   "campus": "North",
   "type": "Blue",
   "enforcement_days": "Monday - Friday",
   "enforcement_time": "6 AM - 5 PM",
   "latitude": 42.29493,
   "longitude": -83.711105,
   "motorcycle_moped": 0,
   "accessible": 1,
   "gate_controlled": 0,
   "ev_charging_station": 0,
   "clearance": ""
 },
 {
   "lot": "NC32",
   "campus": "North",
   "type": "Orange",
   "enforcement_days": "Monday - Friday",
   "enforcement_time": "6 AM - 5 PM",
   "latitude": 42.292198,
   "longitude": -83.723763,
   "motorcycle_moped": 0,
   "accessible": 1,
   "gate_controlled": 0,
   "ev_charging_station": 0,
   "clearance": ""
 },
 {
   "lot": "NC34",
   "campus": "North",
   "type": "Yellow",
   "enforcement_days": "Monday - Friday",
   "enforcement_time": "6 AM - 5 PM",
   "latitude": 42.297421,
   "longitude": -83.702522,
   "motorcycle_moped": 0,
   "accessible": 1,
   "gate_controlled": 0,
   "ev_charging_station": 0,
   "clearance": ""
 },
 {
   "lot": "NC37",
   "campus": "North",
   "type": "Park & Ride",
   "enforcement_days": "Monday - Friday",
   "enforcement_time": "7 AM - 7 PM",
   "latitude": 42.300343,
   "longitude": -83.693726,
   "motorcycle_moped": 0,
   "accessible": 1,
   "gate_controlled": 0,
   "ev_charging_station": 0,
   "clearance": ""
 },
 {
   "lot": "NC38",
   "campus": "North",
   "type": "Yellow",
   "enforcement_days": "Monday - Friday",
   "enforcement_time": "6 AM - 5 PM",
   "latitude": 42.297054,
   "longitude": -83.697327,
   "motorcycle_moped": 0,
   "accessible": 0,
   "gate_controlled": 0,
   "ev_charging_station": 0,
   "clearance": ""
 },
 {
   "lot": "NC40",
   "campus": "North",
   "type": "Yellow",
   "enforcement_days": "Monday - Friday",
   "enforcement_time": "6 AM - 5 PM",
   "latitude": 42.295643,
   "longitude": -83.725716,
   "motorcycle_moped": 0,
   "accessible": 1,
   "gate_controlled": 0,
   "ev_charging_station": 0,
   "clearance": ""
 },
 {
   "lot": "NC41",
   "campus": "North",
   "type": "Yellow",
   "enforcement_days": "",
   "enforcement_time": "",
   "latitude": null,
   "longitude": null,
   "motorcycle_moped": 0,
   "accessible": 1,
   "gate_controlled": 0,
   "ev_charging_station": 0,
   "clearance": ""
 },
 {
   "lot": "NC43",
   "campus": "North",
   "type": "Blue",
   "enforcement_days": "Monday - Friday",
   "enforcement_time": "6 AM - 5 PM",
   "latitude": 42.288376,
   "longitude": -83.717476,
   "motorcycle_moped": 1,
   "accessible": 1,
   "gate_controlled": 0,
   "ev_charging_station": 0,
   "clearance": ""
 },
 {
   "lot": "NC44",
   "campus": "North",
   "type": "Visitor",
   "enforcement_days": "Monday - Friday",
   "enforcement_time": "6 AM - 5 PM",
   "latitude": 42.29501,
   "longitude": -83.720306,
   "motorcycle_moped": 0,
   "accessible": 1,
   "gate_controlled": 0,
   "ev_charging_station": 0,
   "clearance": ""
 },
 {
   "lot": "NC45",
   "campus": "North",
   "type": "Blue",
   "enforcement_days": "Monday - Friday",
   "enforcement_time": "6 AM - 5 PM",
   "latitude": 42.295357,
   "longitude": -83.719109,
   "motorcycle_moped": 1,
   "accessible": 1,
   "gate_controlled": 0,
   "ev_charging_station": 0,
   "clearance": ""
 },
 {
   "lot": "NC46",
   "campus": "North",
   "type": "Orange",
   "enforcement_days": "Monday - Friday",
   "enforcement_time": "6 AM - 5 PM",
   "latitude": 42.295597,
   "longitude": -83.708336,
   "motorcycle_moped": 0,
   "accessible": 1,
   "gate_controlled": 0,
   "ev_charging_station": 0,
   "clearance": ""
 },
 {
   "lot": "NC48",
   "campus": "North",
   "type": "Blue",
   "enforcement_days": "Monday - Friday",
   "enforcement_time": "6 AM - 5 PM",
   "latitude": 42.293594,
   "longitude": -83.717392,
   "motorcycle_moped": 0,
   "accessible": 0,
   "gate_controlled": 0,
   "ev_charging_station": 0,
   "clearance": ""
 },
 {
   "lot": "NC51",
   "campus": "North",
   "type": "Orange",
   "enforcement_days": "Monday - Friday",
   "enforcement_time": "6 AM - 5 PM",
   "latitude": 42.28904,
   "longitude": -83.705139,
   "motorcycle_moped": 1,
   "accessible": 1,
   "gate_controlled": 0,
   "ev_charging_station": 0,
   "clearance": ""
 },
 {
   "lot": "NC52",
   "campus": "North",
   "type": "Orange",
   "enforcement_days": "Monday - Friday",
   "enforcement_time": "6 AM - 7 PM",
   "latitude": 42.288391,
   "longitude": -83.707115,
   "motorcycle_moped": 0,
   "accessible": 1,
   "gate_controlled": 0,
   "ev_charging_station": 0,
   "clearance": ""
 },
 {
   "lot": "NC53",
   "campus": "North",
   "type": "Yellow",
   "enforcement_days": "Monday - Friday",
   "enforcement_time": "6 AM - 5 PM",
   "latitude": 42.29501,
   "longitude": -83.707413,
   "motorcycle_moped": 0,
   "accessible": 1,
   "gate_controlled": 0,
   "ev_charging_station": 0,
   "clearance": ""
 },
 {
   "lot": "NC54",
   "campus": "North",
   "type": "Orange",
   "enforcement_days": "Monday - Friday",
   "enforcement_time": "6 AM - 5 PM",
   "latitude": 42.300262,
   "longitude": -83.712067,
   "motorcycle_moped": 0,
   "accessible": 0,
   "gate_controlled": 0,
   "ev_charging_station": 0,
   "clearance": ""
 },
 {
   "lot": "NC60",
   "campus": "North",
   "type": "Gold",
   "enforcement_days": "Monday - Friday",
   "enforcement_time": "6 AM - 8 PM",
   "latitude": 42.290928,
   "longitude": -83.712624,
   "motorcycle_moped": 0,
   "accessible": 1,
   "gate_controlled": 0,
   "ev_charging_station": 0,
   "clearance": ""
 },
 {
   "lot": "NC60",
   "campus": "North",
   "type": "Blue",
   "enforcement_days": "Monday - Friday",
   "enforcement_time": "6 AM - 8 PM",
   "latitude": 42.290928,
   "longitude": -83.712624,
   "motorcycle_moped": 0,
   "accessible": 1,
   "gate_controlled": 0,
   "ev_charging_station": 0,
   "clearance": ""
 },
 {
   "lot": "NC61",
   "campus": "North",
   "type": "Yellow",
   "enforcement_days": "Monday - Friday",
   "enforcement_time": "6 AM - 10 PM",
   "latitude": 42.298515,
   "longitude": -83.698273,
   "motorcycle_moped": 0,
   "accessible": 1,
   "gate_controlled": 0,
   "ev_charging_station": 0,
   "clearance": ""
 },
 {
   "lot": "NC62",
   "campus": "North",
   "type": "Yellow",
   "enforcement_days": "Monday - Friday",
   "enforcement_time": "6 AM - 10 PM",
   "latitude": 42.298294,
   "longitude": -83.695396,
   "motorcycle_moped": 1,
   "accessible": 1,
   "gate_controlled": 0,
   "ev_charging_station": 0,
   "clearance": ""
 },
 {
   "lot": "NC63",
   "campus": "North",
   "type": "Yellow",
   "enforcement_days": "Monday - Friday",
   "enforcement_time": "6 AM - 5 PM",
   "latitude": 42.295769,
   "longitude": -83.701981,
   "motorcycle_moped": 0,
   "accessible": 1,
   "gate_controlled": 0,
   "ev_charging_station": 0,
   "clearance": ""
 },
 {
   "lot": "NC65",
   "campus": "North",
   "type": "Yellow",
   "enforcement_days": "Monday - Friday",
   "enforcement_time": "6 AM - 5 PM",
   "latitude": 42.296928,
   "longitude": -83.701874,
   "motorcycle_moped": 1,
   "accessible": 1,
   "gate_controlled": 0,
   "ev_charging_station": 0,
   "clearance": ""
 },
 {
   "lot": "NC67",
   "campus": "North",
   "type": "Yellow",
   "enforcement_days": "Monday - Friday",
   "enforcement_time": "6 AM - 5 PM",
   "latitude": 42.29615,
   "longitude": -83.696983,
   "motorcycle_moped": 0,
   "accessible": 1,
   "gate_controlled": 0,
   "ev_charging_station": 0,
   "clearance": ""
 },
 {
   "lot": "NC70",
   "campus": "North",
   "type": "Blue",
   "enforcement_days": "Monday - Friday",
   "enforcement_time": "6 AM - 5 PM",
   "latitude": 42.292786,
   "longitude": -83.71196,
   "motorcycle_moped": 0,
   "accessible": 1,
   "gate_controlled": 0,
   "ev_charging_station": 0,
   "clearance": ""
 },
 {
   "lot": "NC74",
   "campus": "North",
   "type": "Blue",
   "enforcement_days": "Monday - Friday",
   "enforcement_time": "6 AM - 5 PM",
   "latitude": 42.294689,
   "longitude": -83.709389,
   "motorcycle_moped": 1,
   "accessible": 1,
   "gate_controlled": 0,
   "ev_charging_station": 0,
   "clearance": ""
 },
 {
   "lot": "NC78",
   "campus": "North",
   "type": "Orange",
   "enforcement_days": "Monday - Friday",
   "enforcement_time": "6 AM - 5 PM",
   "latitude": 42.287739,
   "longitude": -83.722794,
   "motorcycle_moped": 0,
   "accessible": 1,
   "gate_controlled": 0,
   "ev_charging_station": 0,
   "clearance": ""
 },
 {
   "lot": "NC81",
   "campus": "North",
   "type": "Yellow",
   "enforcement_days": "Monday - Friday",
   "enforcement_time": "6 AM - 5 PM",
   "latitude": 42.29163,
   "longitude": -83.706619,
   "motorcycle_moped": 0,
   "accessible": 1,
   "gate_controlled": 0,
   "ev_charging_station": 0,
   "clearance": ""
 },
 {
   "lot": "NC83",
   "campus": "North",
   "type": "Yellow",
   "enforcement_days": "Monday - Friday",
   "enforcement_time": "6 AM - 5 PM",
   "latitude": 42.301723,
   "longitude": -83.702652,
   "motorcycle_moped": 1,
   "accessible": 1,
   "gate_controlled": 0,
   "ev_charging_station": 0,
   "clearance": ""
 },
 {
   "lot": "NC84",
   "campus": "North",
   "type": "Blue",
   "enforcement_days": "Monday - Friday",
   "enforcement_time": "6 AM - 5 PM",
   "latitude": 42.300484,
   "longitude": -83.70372,
   "motorcycle_moped": 0,
   "accessible": 1,
   "gate_controlled": 0,
   "ev_charging_station": 0,
   "clearance": ""
 },
 {
   "lot": "NC85",
   "campus": "North",
   "type": "Yellow",
   "enforcement_days": "Monday - Friday",
   "enforcement_time": "6 AM - 5 PM",
   "latitude": 42.298946,
   "longitude": -83.702866,
   "motorcycle_moped": 0,
   "accessible": 0,
   "gate_controlled": 0,
   "ev_charging_station": 0,
   "clearance": ""
 },
 {
   "lot": "NC86",
   "campus": "North",
   "type": "Yellow",
   "enforcement_days": "Monday - Friday",
   "enforcement_time": "6 AM - 5 PM",
   "latitude": 42.299229,
   "longitude": -83.702087,
   "motorcycle_moped": 1,
   "accessible": 1,
   "gate_controlled": 0,
   "ev_charging_station": 0,
   "clearance": ""
 },
 {
   "lot": "NC90",
   "campus": "North",
   "type": "Orange",
   "enforcement_days": "Monday - Friday",
   "enforcement_time": "6 AM - 5 PM",
   "latitude": 42.296787,
   "longitude": -83.706322,
   "motorcycle_moped": 0,
   "accessible": 0,
   "gate_controlled": 0,
   "ev_charging_station": 0,
   "clearance": ""
 },
 {
   "lot": "NC91",
   "campus": "North",
   "type": "Orange",
   "enforcement_days": "Monday - Friday",
   "enforcement_time": "6 AM - 5 PM",
   "latitude": 42.297039,
   "longitude": -83.707565,
   "motorcycle_moped": 0,
   "accessible": 1,
   "gate_controlled": 0,
   "ev_charging_station": 0,
   "clearance": ""
 },
 {
   "lot": "NC92",
   "campus": "North",
   "type": "Yellow",
   "enforcement_days": "Monday - Friday",
   "enforcement_time": "6 AM - 5 PM",
   "latitude": 42.297832,
   "longitude": -83.706703,
   "motorcycle_moped": 0,
   "accessible": 1,
   "gate_controlled": 0,
   "ev_charging_station": 0,
   "clearance": ""
 },
 {
   "lot": "NC93",
   "campus": "North",
   "type": "Yellow",
   "enforcement_days": "Monday - Friday",
   "enforcement_time": "6 AM - 5 PM",
   "latitude": 42.298611,
   "longitude": -83.705162,
   "motorcycle_moped": 0,
   "accessible": 0,
   "gate_controlled": 0,
   "ev_charging_station": 0,
   "clearance": ""
 },
 {
   "lot": "NC95",
   "campus": "North",
   "type": "Yellow",
   "enforcement_days": "Monday - Friday",
   "enforcement_time": "6 AM - 5 PM",
   "latitude": 42.298756,
   "longitude": -83.708015,
   "motorcycle_moped": 0,
   "accessible": 0,
   "gate_controlled": 0,
   "ev_charging_station": 0,
   "clearance": ""
 },
 {
   "lot": "NC96",
   "campus": "North",
   "type": "Yellow",
   "enforcement_days": "Monday - Friday",
   "enforcement_time": "6 AM - 5 PM",
   "latitude": 42.299183,
   "longitude": -83.708488,
   "motorcycle_moped": 0,
   "accessible": 1,
   "gate_controlled": 0,
   "ev_charging_station": 0,
   "clearance": ""
 },
 {
   "lot": "NC97",
   "campus": "North",
   "type": "Yellow",
   "enforcement_days": "Monday - Friday",
   "enforcement_time": "6:30 AM - 6:30 PM",
   "latitude": 42.300739,
   "longitude": -83.708786,
   "motorcycle_moped": 0,
   "accessible": 0,
   "gate_controlled": 0,
   "ev_charging_station": 0,
   "clearance": ""
 },
 {
   "lot": "NC98",
   "campus": "North",
   "type": "Yellow",
   "enforcement_days": "Monday - Friday",
   "enforcement_time": "6 AM - 5 PM",
   "latitude": 42.300705,
   "longitude": -83.706703,
   "motorcycle_moped": 0,
   "accessible": 0,
   "gate_controlled": 0,
   "ev_charging_station": 0,
   "clearance": ""
 },
 {
   "lot": "NC99",
   "campus": "North",
   "type": "Yellow",
   "enforcement_days": "Monday - Friday",
   "enforcement_time": "6 AM - 5 PM",
   "latitude": 42.301659,
   "longitude": -83.706963,
   "motorcycle_moped": 0,
   "accessible": 0,
   "gate_controlled": 0,
   "ev_charging_station": 0,
   "clearance": ""
 },
 {
   "lot": "NC100",
   "campus": "North",
   "type": "Blue",
   "enforcement_days": "Monday - Friday",
   "enforcement_time": "6 AM - 5 PM",
   "latitude": 42.301723,
   "longitude": -83.705673,
   "motorcycle_moped": 1,
   "accessible": 0,
   "gate_controlled": 0,
   "ev_charging_station": 0,
   "clearance": "7 feet"
 },
 {
   "lot": "NC102",
   "campus": "North",
   "type": "Yellow",
   "enforcement_days": "",
   "enforcement_time": "",
   "latitude": null,
   "longitude": null,
   "motorcycle_moped": 0,
   "accessible": 0,
   "gate_controlled": 0,
   "ev_charging_station": 0,
   "clearance": ""
 },
 {
   "lot": "NC103",
   "campus": "North",
   "type": "Yellow",
   "enforcement_days": "Monday - Friday",
   "enforcement_time": "6 AM - 5 PM",
   "latitude": 42.298447,
   "longitude": -83.695404,
   "motorcycle_moped": 0,
   "accessible": 1,
   "gate_controlled": 0,
   "ev_charging_station": 0,
   "clearance": ""
 },
 {
   "lot": "M5",
   "campus": "Medical",
   "type": "Blue & Gold",
   "enforcement_days": "Monday - Friday",
   "enforcement_time": "6 AM - 6 PM",
   "latitude": 42.282944,
   "longitude": -83.734802,
   "motorcycle_moped": 0,
   "accessible": 1,
   "gate_controlled": 1,
   "ev_charging_station": 0,
   "clearance": "6 feet 8 inches"
 },
 {
   "lot": "M7",
   "campus": "Medical",
   "type": "Patient",
   "enforcement_days": "Sunday - Saturday",
   "enforcement_time": "12 - 12 AM",
   "latitude": 42.28516,
   "longitude": -83.730019,
   "motorcycle_moped": 0,
   "accessible": 1,
   "gate_controlled": 0,
   "ev_charging_station": 0,
   "clearance": ""
 },
 {
   "lot": "M15",
   "campus": "Medical",
   "type": "Blue",
   "enforcement_days": "Sunday - Saturday",
   "enforcement_time": "12 - 12 AM",
   "latitude": 42.284985,
   "longitude": -83.732292,
   "motorcycle_moped": 0,
   "accessible": 1,
   "gate_controlled": 1,
   "ev_charging_station": 0,
   "clearance": "7 feet"
 },
 {
   "lot": "M16",
   "campus": "Medical",
   "type": "",
   "enforcement_days": "",
   "enforcement_time": "",
   "latitude": null,
   "longitude": null,
   "motorcycle_moped": 1,
   "accessible": 0,
   "gate_controlled": 0,
   "ev_charging_station": 0,
   "clearance": ""
 },
 {
   "lot": "M18",
   "campus": "Medical",
   "type": "Patient",
   "enforcement_days": "Sunday - Saturday",
   "enforcement_time": "12 - 12 AM",
   "latitude": 42.283039,
   "longitude": -83.727303,
   "motorcycle_moped": 0,
   "accessible": 1,
   "gate_controlled": 1,
   "ev_charging_station": 0,
   "clearance": "7 feet"
 },
 {
   "lot": "M22",
   "campus": "Medical",
   "type": "Blue",
   "enforcement_days": "Sunday - Saturday",
   "enforcement_time": "12 - 12 AM",
   "latitude": 42.281849,
   "longitude": -83.729118,
   "motorcycle_moped": 0,
   "accessible": 1,
   "gate_controlled": 1,
   "ev_charging_station": 0,
   "clearance": "7 feet"
 },
 {
   "lot": "M27",
   "campus": "Medical",
   "type": "Blue",
   "enforcement_days": "Monday - Friday",
   "enforcement_time": "6 AM - 5 PM",
   "latitude": 42.282555,
   "longitude": -83.733963,
   "motorcycle_moped": 0,
   "accessible": 0,
   "gate_controlled": 0,
   "ev_charging_station": 0,
   "clearance": ""
 },
 {
   "lot": "M28",
   "campus": "Medical",
   "type": "Blue & Gold",
   "enforcement_days": "Monday - Friday",
   "enforcement_time": "6 AM - 5 PM",
   "latitude": 42.280342,
   "longitude": -83.728699,
   "motorcycle_moped": 0,
   "accessible": 0,
   "gate_controlled": 0,
   "ev_charging_station": 0,
   "clearance": ""
 },
 {
   "lot": "M29",
   "campus": "Medical",
   "type": "Blue",
   "enforcement_days": "Monday - Friday",
   "enforcement_time": "6 AM - 5 PM",
   "latitude": 42.285057,
   "longitude": -83.72644,
   "motorcycle_moped": 0,
   "accessible": 0,
   "gate_controlled": 0,
   "ev_charging_station": 0,
   "clearance": ""
 },
 {
   "lot": "M30",
   "campus": "Medical",
   "type": "Patient",
   "enforcement_days": "",
   "enforcement_time": "",
   "latitude": 42.282745,
   "longitude": -83.726242,
   "motorcycle_moped": 1,
   "accessible": 0,
   "gate_controlled": 0,
   "ev_charging_station": 0,
   "clearance": ""
 },
 {
   "lot": "M34",
   "campus": "Medical",
   "type": "Blue",
   "enforcement_days": "Monday - Friday",
   "enforcement_time": "6 AM - 5 PM",
   "latitude": 42.279747,
   "longitude": -83.730812,
   "motorcycle_moped": 0,
   "accessible": 1,
   "gate_controlled": 0,
   "ev_charging_station": 0,
   "clearance": ""
 },
 {
   "lot": "M40",
   "campus": "Medical",
   "type": "Patient",
   "enforcement_days": "Monday - Friday",
   "enforcement_time": "6 AM - 5 PM",
   "latitude": 42.287872,
   "longitude": -83.73568,
   "motorcycle_moped": 0,
   "accessible": 1,
   "gate_controlled": 0,
   "ev_charging_station": 0,
   "clearance": ""
 },
 {
   "lot": "M50",
   "campus": "Medical",
   "type": "Blue",
   "enforcement_days": "Monday - Friday",
   "enforcement_time": "6 AM - 5 PM",
   "latitude": 42.288235,
   "longitude": -83.737221,
   "motorcycle_moped": 0,
   "accessible": 1,
   "gate_controlled": 0,
   "ev_charging_station": 0,
   "clearance": ""
 },
 {
   "lot": "M52",
   "campus": "Medical",
   "type": "",
   "enforcement_days": "",
   "enforcement_time": "",
   "latitude": null,
   "longitude": null,
   "motorcycle_moped": 1,
   "accessible": 0,
   "gate_controlled": 0,
   "ev_charging_station": 0,
   "clearance": ""
 },
 {
   "lot": "M56",
   "campus": "Medical",
   "type": "Blue",
   "enforcement_days": "Monday - Friday",
   "enforcement_time": "6 AM - 5 PM",
   "latitude": 42.281635,
   "longitude": -83.736893,
   "motorcycle_moped": 0,
   "accessible": 0,
   "gate_controlled": 0,
   "ev_charging_station": 0,
   "clearance": ""
 },
 {
   "lot": "M57",
   "campus": "Medical",
   "type": "Blue",
   "enforcement_days": "Monday - Friday",
   "enforcement_time": "6 AM - 5 PM",
   "latitude": 42.281605,
   "longitude": -83.736443,
   "motorcycle_moped": 0,
   "accessible": 1,
   "gate_controlled": 0,
   "ev_charging_station": 0,
   "clearance": ""
 },
 {
   "lot": "M59",
   "campus": "Medical",
   "type": "Blue",
   "enforcement_days": "Monday - Friday",
   "enforcement_time": "6 AM - 5 PM",
   "latitude": 42.28154,
   "longitude": -83.735802,
   "motorcycle_moped": 0,
   "accessible": 0,
   "gate_controlled": 0,
   "ev_charging_station": 0,
   "clearance": ""
 },
 {
   "lot": "M61",
   "campus": "Medical",
   "type": "Blue & Gold",
   "enforcement_days": "Monday - Friday",
   "enforcement_time": "6 AM - 6 PM",
   "latitude": 42.283382,
   "longitude": -83.734985,
   "motorcycle_moped": 0,
   "accessible": 1,
   "gate_controlled": 1,
   "ev_charging_station": 0,
   "clearance": "7 feet"
 },
 {
   "lot": "M63",
   "campus": "Medical",
   "type": "",
   "enforcement_days": "",
   "enforcement_time": "",
   "latitude": null,
   "longitude": null,
   "motorcycle_moped": 1,
   "accessible": 0,
   "gate_controlled": 0,
   "ev_charging_station": 0,
   "clearance": ""
 },
 {
   "lot": "M64",
   "campus": "Medical",
   "type": "Gold",
   "enforcement_days": "Monday - Friday",
   "enforcement_time": "6 AM - 5 PM",
   "latitude": 42.284447,
   "longitude": -83.738213,
   "motorcycle_moped": 1,
   "accessible": 1,
   "gate_controlled": 0,
   "ev_charging_station": 0,
   "clearance": ""
 },
 {
   "lot": "M65",
   "campus": "Medical",
   "type": "Blue",
   "enforcement_days": "Monday - Friday",
   "enforcement_time": "6 AM - 5 PM",
   "latitude": 42.284462,
   "longitude": -83.736946,
   "motorcycle_moped": 0,
   "accessible": 1,
   "gate_controlled": 0,
   "ev_charging_station": 0,
   "clearance": ""
 },
 {
   "lot": "M66",
   "campus": "Medical",
   "type": "Blue",
   "enforcement_days": "Monday - Friday",
   "enforcement_time": "6 AM - 5 PM",
   "latitude": 42.284927,
   "longitude": -83.738297,
   "motorcycle_moped": 1,
   "accessible": 1,
   "gate_controlled": 0,
   "ev_charging_station": 0,
   "clearance": ""
 },
 {
   "lot": "M67",
   "campus": "Medical",
   "type": "Blue",
   "enforcement_days": "Monday - Friday",
   "enforcement_time": "6 AM - 5 PM",
   "latitude": 42.285446,
   "longitude": -83.736443,
   "motorcycle_moped": 0,
   "accessible": 1,
   "gate_controlled": 0,
   "ev_charging_station": 0,
   "clearance": ""
 },
 {
   "lot": "M69",
   "campus": "Medical",
   "type": "Visitor",
   "enforcement_days": "",
   "enforcement_time": "",
   "latitude": 42.284756,
   "longitude": -83.734665,
   "motorcycle_moped": 0,
   "accessible": 1,
   "gate_controlled": 0,
   "ev_charging_station": 0,
   "clearance": ""
 },
 {
   "lot": "M71",
   "campus": "Medical",
   "type": "Yellow",
   "enforcement_days": "Monday - Friday",
   "enforcement_time": "6 AM - 5 PM",
   "latitude": 42.286217,
   "longitude": -83.73011,
   "motorcycle_moped": 0,
   "accessible": 1,
   "gate_controlled": 0,
   "ev_charging_station": 0,
   "clearance": ""
 },
 {
   "lot": "M75",
   "campus": "Medical",
   "type": "Orange",
   "enforcement_days": "Monday - Friday",
   "enforcement_time": "6 AM - 5 PM",
   "latitude": 42.286785,
   "longitude": -83.722702,
   "motorcycle_moped": 1,
   "accessible": 1,
   "gate_controlled": 0,
   "ev_charging_station": 0,
   "clearance": ""
 },
 {
   "lot": "M76",
   "campus": "Medical",
   "type": "Blue",
   "enforcement_days": "Monday - Friday",
   "enforcement_time": "6 AM - 5 PM",
   "latitude": 42.289009,
   "longitude": -83.73732,
   "motorcycle_moped": 0,
   "accessible": 1,
   "gate_controlled": 0,
   "ev_charging_station": 0,
   "clearance": ""
 },
 {
   "lot": "M78",
   "campus": "Medical",
   "type": "Yellow",
   "enforcement_days": "Monday - Friday",
   "enforcement_time": "6 AM - 5 PM",
   "latitude": 42.287365,
   "longitude": -83.730057,
   "motorcycle_moped": 0,
   "accessible": 1,
   "gate_controlled": 0,
   "ev_charging_station": 0,
   "clearance": ""
 },
 {
   "lot": "M85",
   "campus": "Medical",
   "type": "Gold",
   "enforcement_days": "Sunday - Saturday",
   "enforcement_time": "12 - 12 AM",
   "latitude": 42.282372,
   "longitude": -83.730522,
   "motorcycle_moped": 0,
   "accessible": 1,
   "gate_controlled": 1,
   "ev_charging_station": 0,
   "clearance": "8 feet 2 inches"
 },
 {
   "lot": "M86",
   "campus": "Medical",
   "type": "Gold",
   "enforcement_days": "Monday - Friday",
   "enforcement_time": "6 AM - 6 PM",
   "latitude": 42.282429,
   "longitude": -83.734695,
   "motorcycle_moped": 0,
   "accessible": 1,
   "gate_controlled": 1,
   "ev_charging_station": 1,
   "clearance": "8 feet 2 inches"
 },
 {
   "lot": "M86",
   "campus": "Medical",
   "type": "Blue",
   "enforcement_days": "Monday - Friday",
   "enforcement_time": "6 AM - 6 PM",
   "latitude": 42.282429,
   "longitude": -83.734695,
   "motorcycle_moped": 0,
   "accessible": 1,
   "gate_controlled": 1,
   "ev_charging_station": 1,
   "clearance": "8 feet 2 inches"
 },
 {
   "lot": "M87",
   "campus": "Medical",
   "type": "Blue",
   "enforcement_days": "Monday - Friday",
   "enforcement_time": "6 AM - 5 PM",
   "latitude": 42.288788,
   "longitude": -83.739037,
   "motorcycle_moped": 1,
   "accessible": 0,
   "gate_controlled": 0,
   "ev_charging_station": 0,
   "clearance": ""
 },
 {
   "lot": "M91",
   "campus": "Medical",
   "type": "Blue",
   "enforcement_days": "Monday - Friday",
   "enforcement_time": "6 AM - 5 PM",
   "latitude": 42.288818,
   "longitude": -83.736679,
   "motorcycle_moped": 0,
   "accessible": 1,
   "gate_controlled": 0,
   "ev_charging_station": 0,
   "clearance": ""
 },
 {
   "lot": "M92",
   "campus": "Medical",
   "type": "Blue",
   "enforcement_days": "Monday - Friday",
   "enforcement_time": "6 AM - 5 PM",
   "latitude": 42.28833,
   "longitude": -83.735802,
   "motorcycle_moped": 0,
   "accessible": 0,
   "gate_controlled": 0,
   "ev_charging_station": 0,
   "clearance": ""
 },
 {
   "lot": "M93",
   "campus": "Medical",
   "type": "Blue & Gold",
   "enforcement_days": "",
   "enforcement_time": "",
   "latitude": null,
   "longitude": null,
   "motorcycle_moped": 1,
   "accessible": 1,
   "gate_controlled": 1,
   "ev_charging_station": 1,
   "clearance": ""
 },
 {
   "lot": "M95",
   "campus": "Medical",
   "type": "Blue & Gold",
   "enforcement_days": "",
   "enforcement_time": "",
   "latitude": 42.281399,
   "longitude": -83.727234,
   "motorcycle_moped": 0,
   "accessible": 0,
   "gate_controlled": 0,
   "ev_charging_station": 0,
   "clearance": ""
 },
 {
   "lot": "P1",
   "campus": "Medical",
   "type": "Patient",
   "enforcement_days": "Sunday - Saturday",
   "enforcement_time": "12 - 12 AM",
   "latitude": 42.284985,
   "longitude": -83.732292,
   "motorcycle_moped": 0,
   "accessible": 1,
   "gate_controlled": 1,
   "ev_charging_station": 0,
   "clearance": "7 feet"
 },
 {
   "lot": "P2",
   "campus": "Medical",
   "type": "Patient",
   "enforcement_days": "Sunday - Saturday",
   "enforcement_time": "12 - 12 AM",
   "latitude": 42.283039,
   "longitude": -83.727303,
   "motorcycle_moped": 0,
   "accessible": 1,
   "gate_controlled": 1,
   "ev_charging_station": 0,
   "clearance": "7 feet"
 },
 {
   "lot": "P3",
   "campus": "Medical",
   "type": "Patient & Gold",
   "enforcement_days": "Sunday - Saturday",
   "enforcement_time": "12 - 12 AM",
   "latitude": 42.283039,
   "longitude": -83.727303,
   "motorcycle_moped": 0,
   "accessible": 1,
   "gate_controlled": 1,
   "ev_charging_station": 0,
   "clearance": "7 feet"
 },
 {
   "lot": "P4",
   "campus": "Medical",
   "type": "Patient",
   "enforcement_days": "Sunday - Saturday",
   "enforcement_time": "12 - 12 AM",
   "latitude": 42.281849,
   "longitude": -83.729118,
   "motorcycle_moped": 0,
   "accessible": 1,
   "gate_controlled": 1,
   "ev_charging_station": 0,
   "clearance": "7 feet"
 },
 {
   "lot": "P5",
   "campus": "Medical",
   "type": "Patient",
   "enforcement_days": "Sunday - Saturday",
   "enforcement_time": "12 - 12 AM",
   "latitude": 42.282372,
   "longitude": -83.730522,
   "motorcycle_moped": 0,
   "accessible": 1,
   "gate_controlled": 1,
   "ev_charging_station": 0,
   "clearance": "8 feet 2 inches"
 },
 {
   "lot": "C2",
   "campus": "Central",
   "type": "Blue",
   "enforcement_days": "Monday - Friday",
   "enforcement_time": "6 AM - 6 PM",
   "latitude": 42.278294,
   "longitude": -83.739563,
   "motorcycle_moped": 0,
   "accessible": 1,
   "gate_controlled": 0,
   "ev_charging_station": 0,
   "clearance": ""
 },
 {
   "lot": "E1",
   "campus": "Central",
   "type": "Blue",
   "enforcement_days": "Monday - Friday",
   "enforcement_time": "6 AM - 6 PM",
   "latitude": 42.278267,
   "longitude": -83.731346,
   "motorcycle_moped": 1,
   "accessible": 1,
   "gate_controlled": 0,
   "ev_charging_station": 0,
   "clearance": ""
 },
 {
   "lot": "E3",
   "campus": "Central",
   "type": "Blue",
   "enforcement_days": "Monday - Friday",
   "enforcement_time": "6 AM - 6 PM",
   "latitude": 42.278217,
   "longitude": -83.734444,
   "motorcycle_moped": 1,
   "accessible": 1,
   "gate_controlled": 0,
   "ev_charging_station": 0,
   "clearance": ""
 },
 {
   "lot": "E8",
   "campus": "Central",
   "type": "Blue",
   "enforcement_days": "Sunday - Saturday",
   "enforcement_time": "12 - 12 AM",
   "latitude": 42.275944,
   "longitude": -83.734406,
   "motorcycle_moped": 1,
   "accessible": 1,
   "gate_controlled": 1,
   "ev_charging_station": 0,
   "clearance": "6 feet 6 inches"
 },
 {
   "lot": "E15",
   "campus": "Central",
   "type": "Blue",
   "enforcement_days": "Monday - Friday",
   "enforcement_time": "6 AM - 6 PM",
   "latitude": 42.277012,
   "longitude": -83.734924,
   "motorcycle_moped": 0,
   "accessible": 1,
   "gate_controlled": 0,
   "ev_charging_station": 0,
   "clearance": ""
 },
 {
   "lot": "N4",
   "campus": "Central",
   "type": "Blue",
   "enforcement_days": "Monday - Friday",
   "enforcement_time": "6 AM - 10 PM",
   "latitude": 42.280045,
   "longitude": -83.739815,
   "motorcycle_moped": 0,
   "accessible": 1,
   "gate_controlled": 1,
   "ev_charging_station": 0,
   "clearance": "6 feet 6 inches"
 },
 {
   "lot": "N8",
   "campus": "Central",
   "type": "Gold",
   "enforcement_days": "Monday - Friday",
   "enforcement_time": "6 AM - 6 PM",
   "latitude": 42.281128,
   "longitude": -83.738297,
   "motorcycle_moped": 0,
   "accessible": 1,
   "gate_controlled": 0,
   "ev_charging_station": 0,
   "clearance": ""
 },
 {
   "lot": "N13",
   "campus": "Central",
   "type": "Blue",
   "enforcement_days": "Monday - Friday",
   "enforcement_time": "6 AM - 10 PM",
   "latitude": 42.280224,
   "longitude": -83.736107,
   "motorcycle_moped": 0,
   "accessible": 0,
   "gate_controlled": 0,
   "ev_charging_station": 0,
   "clearance": "6 feet 5 inches"
 },
 {
   "lot": "N17",
   "campus": "Central",
   "type": "Visitor",
   "enforcement_days": "Monday - Friday",
   "enforcement_time": "6 AM - 6 PM",
   "latitude": 42.278862,
   "longitude": -83.737625,
   "motorcycle_moped": 0,
   "accessible": 1,
   "gate_controlled": 0,
   "ev_charging_station": 0,
   "clearance": ""
 },
 {
   "lot": "N26",
   "campus": "Central",
   "type": "Blue",
   "enforcement_days": "Monday - Friday",
   "enforcement_time": "6 AM - 10 PM",
   "latitude": 42.279942,
   "longitude": -83.734695,
   "motorcycle_moped": 0,
   "accessible": 1,
   "gate_controlled": 1,
   "ev_charging_station": 0,
   "clearance": "6 feet 10 inches"
 },
 {
   "lot": "S5",
   "campus": "Central",
   "type": "Blue",
   "enforcement_days": "Monday - Friday",
   "enforcement_time": "6 AM - 6 PM",
   "latitude": 42.272747,
   "longitude": -83.739777,
   "motorcycle_moped": 1,
   "accessible": 1,
   "gate_controlled": 0,
   "ev_charging_station": 0,
   "clearance": ""
 },
 {
   "lot": "S8",
   "campus": "Central",
   "type": "Blue",
   "enforcement_days": "Monday - Friday",
   "enforcement_time": "6 AM - 5 PM",
   "latitude": 42.27232,
   "longitude": -83.737015,
   "motorcycle_moped": 1,
   "accessible": 1,
   "gate_controlled": 1,
   "ev_charging_station": 0,
   "clearance": "6 feet 10 inches"
 },
 {
   "lot": "W3",
   "campus": "Central",
   "type": "Blue",
   "enforcement_days": "Monday - Friday",
   "enforcement_time": "6 AM - 6 PM",
   "latitude": 42.275593,
   "longitude": -83.743698,
   "motorcycle_moped": 1,
   "accessible": 1,
   "gate_controlled": 1,
   "ev_charging_station": 0,
   "clearance": "6 feet 6 inches"
 },
 {
   "lot": "W5",
   "campus": "Central",
   "type": "Visitor",
   "enforcement_days": "Monday - Friday",
   "enforcement_time": "6 AM - 6 PM",
   "latitude": 42.276325,
   "longitude": -83.74173,
   "motorcycle_moped": 0,
   "accessible": 1,
   "gate_controlled": 0,
   "ev_charging_station": 0,
   "clearance": ""
 },
 {
   "lot": "W9",
   "campus": "Central",
   "type": "Blue",
   "enforcement_days": "Monday - Friday",
   "enforcement_time": "6 AM - 6 PM",
   "latitude": 42.274567,
   "longitude": -83.745003,
   "motorcycle_moped": 0,
   "accessible": 1,
   "gate_controlled": 0,
   "ev_charging_station": 0,
   "clearance": ""
 },
 {
   "lot": "W10",
   "campus": "Central",
   "type": "Blue",
   "enforcement_days": "Monday - Friday",
   "enforcement_time": "6 AM - 6 PM",
   "latitude": 42.275059,
   "longitude": -83.745766,
   "motorcycle_moped": 0,
   "accessible": 1,
   "gate_controlled": 0,
   "ev_charging_station": 0,
   "clearance": ""
 },
 {
   "lot": "W11",
   "campus": "Central",
   "type": "Orange",
   "enforcement_days": "Monday - Friday",
   "enforcement_time": "6 AM - 6 PM",
   "latitude": 42.279732,
   "longitude": -83.754921,
   "motorcycle_moped": 0,
   "accessible": 0,
   "gate_controlled": 0,
   "ev_charging_station": 0,
   "clearance": ""
 },
 {
   "lot": "W13",
   "campus": "Central",
   "type": "Visitor",
   "enforcement_days": "Monday - Friday",
   "enforcement_time": "6 AM - 6 PM",
   "latitude": 42.277012,
   "longitude": -83.742874,
   "motorcycle_moped": 0,
   "accessible": 1,
   "gate_controlled": 0,
   "ev_charging_station": 0,
   "clearance": ""
 },
 {
   "lot": "W16",
   "campus": "Central",
   "type": "Blue",
   "enforcement_days": "Monday - Friday",
   "enforcement_time": "6 AM - 6 PM",
   "latitude": 42.273933,
   "longitude": -83.743492,
   "motorcycle_moped": 0,
   "accessible": 1,
   "gate_controlled": 0,
   "ev_charging_station": 0,
   "clearance": ""
 },
 {
   "lot": "W21",
   "campus": "Central",
   "type": "Blue",
   "enforcement_days": "Monday - Friday",
   "enforcement_time": "6 AM - 6 PM",
   "latitude": 42.274662,
   "longitude": -83.747887,
   "motorcycle_moped": 0,
   "accessible": 1,
   "gate_controlled": 0,
   "ev_charging_station": 0,
   "clearance": ""
 },
 {
   "lot": "W24",
   "campus": "Central",
   "type": "Orange",
   "enforcement_days": "Monday - Friday",
   "enforcement_time": "6 AM - 6 PM",
   "latitude": 42.278141,
   "longitude": -83.754753,
   "motorcycle_moped": 0,
   "accessible": 1,
   "gate_controlled": 0,
   "ev_charging_station": 0,
   "clearance": ""
 },
 {
   "lot": "Forest",
   "campus": "Central",
   "type": "Blue",
   "enforcement_days": "",
   "enforcement_time": "",
   "latitude": 42.274198,
   "longitude": -83.734409,
   "motorcycle_moped": 0,
   "accessible": 1,
   "gate_controlled": 0,
   "ev_charging_station": 1,
   "clearance": "7 feet 8 inches"
 },
 {
   "lot": "SC2",
   "campus": "South",
   "type": "Blue",
   "enforcement_days": "Monday - Friday",
   "enforcement_time": "6 AM - 5 PM",
   "latitude": 42.268082,
   "longitude": -83.747948,
   "motorcycle_moped": 1,
   "accessible": 1,
   "gate_controlled": 0,
   "ev_charging_station": 0,
   "clearance": ""
 },
 {
   "lot": "SC4",
   "campus": "South",
   "type": "Yellow",
   "enforcement_days": "Monday - Friday",
   "enforcement_time": "6 AM - 5 PM",
   "latitude": 42.2672,
   "longitude": -83.746803,
   "motorcycle_moped": 0,
   "accessible": 0,
   "gate_controlled": 0,
   "ev_charging_station": 0,
   "clearance": ""
 },
 {
   "lot": "SC5",
   "campus": "South",
   "type": "Yellow",
   "enforcement_days": "Monday - Friday",
   "enforcement_time": "6 AM - 5 PM",
   "latitude": 42.26609,
   "longitude": -83.745667,
   "motorcycle_moped": 0,
   "accessible": 1,
   "gate_controlled": 0,
   "ev_charging_station": 0,
   "clearance": ""
 },
 {
   "lot": "SC6",
   "campus": "South",
   "type": "Orange",
   "enforcement_days": "Monday - Friday",
   "enforcement_time": "6 AM - 5 PM",
   "latitude": 42.264977,
   "longitude": -83.745232,
   "motorcycle_moped": 0,
   "accessible": 0,
   "gate_controlled": 0,
   "ev_charging_station": 0,
   "clearance": ""
 },
 {
   "lot": "SC7",
   "campus": "South",
   "type": "Orange",
   "enforcement_days": "Monday - Friday",
   "enforcement_time": "6 AM - 5 PM",
   "latitude": 42.264065,
   "longitude": -83.743645,
   "motorcycle_moped": 0,
   "accessible": 1,
   "gate_controlled": 0,
   "ev_charging_station": 0,
   "clearance": ""
 },
 {
   "lot": "SC9",
   "campus": "South",
   "type": "Yellow",
   "enforcement_days": "Monday - Friday",
   "enforcement_time": "6 AM - 5 PM",
   "latitude": 42.27232,
   "longitude": -83.745125,
   "motorcycle_moped": 0,
   "accessible": 1,
   "gate_controlled": 0,
   "ev_charging_station": 0,
   "clearance": ""
 },
 {
   "lot": "SC12",
   "campus": "South",
   "type": "Blue",
   "enforcement_days": "Monday - Friday",
   "enforcement_time": "6 AM - 5 PM",
   "latitude": 42.270977,
   "longitude": -83.747253,
   "motorcycle_moped": 1,
   "accessible": 1,
   "gate_controlled": 0,
   "ev_charging_station": 0,
   "clearance": ""
 },
 {
   "lot": "SC13",
   "campus": "South",
   "type": "Blue",
   "enforcement_days": "Monday - Friday",
   "enforcement_time": "6 AM - 5 PM",
   "latitude": 42.27021,
   "longitude": -83.74736,
   "motorcycle_moped": 0,
   "accessible": 1,
   "gate_controlled": 0,
   "ev_charging_station": 0,
   "clearance": ""
 },
 {
   "lot": "SC14",
   "campus": "South",
   "type": "Blue",
   "enforcement_days": "Monday - Friday",
   "enforcement_time": "6 AM - 5 PM",
   "latitude": 42.26981,
   "longitude": -83.747208,
   "motorcycle_moped": 0,
   "accessible": 1,
   "gate_controlled": 0,
   "ev_charging_station": 0,
   "clearance": ""
 },
 {
   "lot": "SC16",
   "campus": "South",
   "type": "Yellow",
   "enforcement_days": "Monday - Friday",
   "enforcement_time": "6 AM - 5 PM",
   "latitude": 42.265392,
   "longitude": -83.744606,
   "motorcycle_moped": 1,
   "accessible": 1,
   "gate_controlled": 0,
   "ev_charging_station": 0,
   "clearance": ""
 },
 {
   "lot": "SC17",
   "campus": "South",
   "type": "Yellow",
   "enforcement_days": "Monday - Friday",
   "enforcement_time": "6 AM - 5 PM",
   "latitude": 42.242744,
   "longitude": -83.736099,
   "motorcycle_moped": 1,
   "accessible": 1,
   "gate_controlled": 0,
   "ev_charging_station": 0,
   "clearance": ""
 },
 {
   "lot": "SC32",
   "campus": "South",
   "type": "Visitor",
   "enforcement_days": "Monday - Friday",
   "enforcement_time": "6 AM - 5 PM",
   "latitude": 42.269032,
   "longitude": -83.747681,
   "motorcycle_moped": 0,
   "accessible": 1,
   "gate_controlled": 0,
   "ev_charging_station": 1,
   "clearance": ""
 },
 {
   "lot": "SC34",
   "campus": "South",
   "type": "Park & Ride",
   "enforcement_days": "Monday - Friday",
   "enforcement_time": "7 AM - 7 PM",
   "latitude": 42.248829,
   "longitude": -83.740768,
   "motorcycle_moped": 0,
   "accessible": 1,
   "gate_controlled": 0,
   "ev_charging_station": 0,
   "clearance": ""
 },
 {
   "lot": "SC35",
   "campus": "South",
   "type": "Yellow",
   "enforcement_days": "Monday - Friday",
   "enforcement_time": "6 AM - 5 PM",
   "latitude": 42.268257,
   "longitude": -83.748703,
   "motorcycle_moped": 0,
   "accessible": 0,
   "gate_controlled": 0,
   "ev_charging_station": 0,
   "clearance": ""
 },
 {
   "lot": "SC36",
   "campus": "South",
   "type": "Orange",
   "enforcement_days": "Monday - Friday",
   "enforcement_time": "6 AM - 5 PM",
   "latitude": 42.268127,
   "longitude": -83.749504,
   "motorcycle_moped": 0,
   "accessible": 1,
   "gate_controlled": 0,
   "ev_charging_station": 0,
   "clearance": ""
 },
 {
   "lot": "SC37",
   "campus": "South",
   "type": "Blue",
   "enforcement_days": "Monday - Friday",
   "enforcement_time": "6 AM - 5 PM",
   "latitude": 42.269417,
   "longitude": -83.745232,
   "motorcycle_moped": 0,
   "accessible": 1,
   "gate_controlled": 0,
   "ev_charging_station": 0,
   "clearance": ""
 },
 {
   "lot": "SC38",
   "campus": "South",
   "type": "Yellow",
   "enforcement_days": "Monday - Friday",
   "enforcement_time": "6 AM - 5 PM",
   "latitude": 42.271366,
   "longitude": -83.744934,
   "motorcycle_moped": 0,
   "accessible": 1,
   "gate_controlled": 0,
   "ev_charging_station": 0,
   "clearance": ""
 },
 {
   "lot": "SC39",
   "campus": "South",
   "type": "Park & Ride",
   "enforcement_days": "Monday - Friday",
   "enforcement_time": "7 AM - 7 PM",
   "latitude": 42.252728,
   "longitude": -83.743515,
   "motorcycle_moped": 0,
   "accessible": 1,
   "gate_controlled": 0,
   "ev_charging_station": 0,
   "clearance": ""
 },
 {
   "lot": "SC41",
   "campus": "South",
   "type": "Orange",
   "enforcement_days": "Monday - Friday",
   "enforcement_time": "6 AM - 5 PM",
   "latitude": 42.269279,
   "longitude": -83.749222,
   "motorcycle_moped": 0,
   "accessible": 0,
   "gate_controlled": 0,
   "ev_charging_station": 0,
   "clearance": ""
 }
]
